{
    "name": "root",
    "gauges": {
        "KillerAgent.Policy.Entropy.mean": {
            "value": 1.067427158355713,
            "min": 1.067427158355713,
            "max": 1.1483405828475952,
            "count": 30
        },
        "KillerAgent.Policy.Entropy.sum": {
            "value": 5341.40576171875,
            "min": 5228.8515625,
            "max": 5918.54736328125,
            "count": 30
        },
        "KillerAgent.Environment.EpisodeLength.mean": {
            "value": 172.56,
            "min": 119.21951219512195,
            "max": 249.71428571428572,
            "count": 30
        },
        "KillerAgent.Environment.EpisodeLength.sum": {
            "value": 4314.0,
            "min": 2450.0,
            "max": 7336.0,
            "count": 30
        },
        "KillerAgent.Step.mean": {
            "value": 399972.0,
            "min": 254975.0,
            "max": 399972.0,
            "count": 30
        },
        "KillerAgent.Step.sum": {
            "value": 399972.0,
            "min": 254975.0,
            "max": 399972.0,
            "count": 30
        },
        "KillerAgent.Policy.ExtrinsicValueEstimate.mean": {
            "value": 0.7514670491218567,
            "min": 0.314424991607666,
            "max": 0.771443784236908,
            "count": 30
        },
        "KillerAgent.Policy.ExtrinsicValueEstimate.sum": {
            "value": 78.15257263183594,
            "min": 30.184799194335938,
            "max": 84.75749206542969,
            "count": 30
        },
        "KillerAgent.Environment.CumulativeReward.mean": {
            "value": 1.1253999936580659,
            "min": 0.7407142754111972,
            "max": 1.393804891807277,
            "count": 30
        },
        "KillerAgent.Environment.CumulativeReward.sum": {
            "value": 28.134999841451645,
            "min": 14.63399988412857,
            "max": 57.14600056409836,
            "count": 30
        },
        "KillerAgent.Policy.ExtrinsicReward.mean": {
            "value": 1.1253999936580659,
            "min": 0.7407142754111972,
            "max": 1.393804891807277,
            "count": 30
        },
        "KillerAgent.Policy.ExtrinsicReward.sum": {
            "value": 28.134999841451645,
            "min": 14.63399988412857,
            "max": 57.14600056409836,
            "count": 30
        },
        "KillerAgent.Losses.PolicyLoss.mean": {
            "value": 0.06640608101022533,
            "min": 0.056790550811112755,
            "max": 0.07994804583075973,
            "count": 30
        },
        "KillerAgent.Losses.PolicyLoss.sum": {
            "value": 0.13281216202045065,
            "min": 0.11446837668643436,
            "max": 0.23300040745848993,
            "count": 30
        },
        "KillerAgent.Losses.ValueLoss.mean": {
            "value": 0.1408533224629031,
            "min": 0.12143989742423096,
            "max": 0.17198800907504777,
            "count": 30
        },
        "KillerAgent.Losses.ValueLoss.sum": {
            "value": 0.2817066449258062,
            "min": 0.244844050374296,
            "max": 0.5159640272251433,
            "count": 30
        },
        "KillerAgent.Policy.LearningRate.mean": {
            "value": 1.1186349254250008e-05,
            "min": 1.1186349254250008e-05,
            "max": 0.00055110381325975,
            "count": 30
        },
        "KillerAgent.Policy.LearningRate.sum": {
            "value": 2.2372698508500016e-05,
            "min": 2.2372698508500016e-05,
            "max": 0.0015508576966094998,
            "count": 30
        },
        "KillerAgent.Policy.Epsilon.mean": {
            "value": 0.10037287500000003,
            "min": 0.10037287500000003,
            "max": 0.11837012499999996,
            "count": 30
        },
        "KillerAgent.Policy.Epsilon.sum": {
            "value": 0.20074575000000006,
            "min": 0.20074575000000006,
            "max": 0.35169524999999996,
            "count": 30
        },
        "KillerAgent.Policy.Beta.mean": {
            "value": 0.00025,
            "min": 0.00025,
            "max": 0.00025,
            "count": 30
        },
        "KillerAgent.Policy.Beta.sum": {
            "value": 0.0005,
            "min": 0.0005,
            "max": 0.00075,
            "count": 30
        },
        "KillerAgent.IsTraining.mean": {
            "value": 1.0,
            "min": 1.0,
            "max": 1.0,
            "count": 30
        },
        "KillerAgent.IsTraining.sum": {
            "value": 1.0,
            "min": 1.0,
            "max": 1.0,
            "count": 30
        }
    },
    "metadata": {
        "timer_format_version": "0.1.0",
        "start_time_seconds": "1747140912",
        "python_version": "3.9.21 (main, Dec 11 2024, 16:35:24) [MSC v.1929 64 bit (AMD64)]",
        "command_line_arguments": "C:\\Users\\Siebe\\anaconda3\\envs\\LM-Agents2\\Scripts\\mlagents-learn config.yml --run-id=KillerAgentFase1 --resume",
        "mlagents_version": "0.30.0",
        "mlagents_envs_version": "0.30.0",
        "communication_protocol_version": "1.5.0",
        "pytorch_version": "1.7.1+cu110",
        "numpy_version": "1.21.2",
        "end_time_seconds": "1747141344"
    },
    "total": 432.2907971,
    "count": 1,
    "self": 0.00915620000000672,
    "children": {
        "run_training.setup": {
            "total": 0.09204609999999991,
            "count": 1,
            "self": 0.09204609999999991
        },
        "TrainerController.start_learning": {
            "total": 432.1895948,
            "count": 1,
            "self": 0.4838347999966004,
            "children": {
                "TrainerController._reset_env": {
                    "total": 8.848789400000001,
                    "count": 1,
                    "self": 8.848789400000001
                },
                "TrainerController.advance": {
                    "total": 422.6883323000034,
                    "count": 25727,
                    "self": 0.4296733000086306,
                    "children": {
                        "env_step": {
                            "total": 342.03612589999904,
                            "count": 25727,
                            "self": 241.03982539999586,
                            "children": {
                                "SubprocessEnvManager._take_step": {
                                    "total": 100.70228890000342,
                                    "count": 25727,
                                    "self": 1.3590892000033108,
                                    "children": {
                                        "TorchPolicy.evaluate": {
                                            "total": 99.34319970000011,
                                            "count": 25020,
                                            "self": 99.34319970000011
                                        }
                                    }
                                },
                                "workers": {
                                    "total": 0.2940115999997559,
                                    "count": 25727,
                                    "self": 0.0,
                                    "children": {
                                        "worker_root": {
                                            "total": 424.41876070000166,
                                            "count": 25727,
                                            "is_parallel": true,
                                            "self": 207.71980379999866,
                                            "children": {
                                                "steps_from_proto": {
                                                    "total": 0.0004293000000004099,
                                                    "count": 1,
                                                    "is_parallel": true,