{"count":1,"self":393.0552576,"total":412.7643005,"children":{"InitializeActuators":{"count":6,"self":0.0014448999999999998,"total":0.0014448999999999998,"children":null},"InitializeSensors":{"count":6,"self":0.0014999,"total":0.0014999,"children":null},"AgentSendState":{"count":20355,"self":0.9941279999999999,"total":1.0510585,"children":{"CollectObservations":{"count":24426,"self":0.015605899999999999,"total":0.015605899999999999,"children":null},"WriteActionMask":{"count":24426,"self":0.013139999999999999,"total":0.013139999999999999,"children":null},"RequestDecision":{"count":24426,"self":0.028184599999999997,"total":0.028184599999999997,"children":null}}},"DecideAction":{"count":20355,"self":1.5439653999999998,"total":1.9903539,"children":{"RayPerceptionSensor.Perceive":{"count":24426,"self":0.44638849999999997,"total":0.44638849999999997,"children":null}}},"AgentAct":{"count":20355,"self":16.6646912,"total":16.6646912,"children":null}},"gauges":{"KillerAgent.CumulativeReward":{"count":148,"max":1.959,"min":-2.71584225,"runningAverage":1.28751647,"value":1.59700167,"weightedAverage":0.6890569}},"metadata":{"timer_format_version":"0.1.0","start_time_seconds":"1747141663","unity_version":"6000.0.36f1","command_line_arguments":"C:\\Program Files\\Unity\\Hub\\Editor\\6000.0.36f1\\Editor\\Unity.exe -projectpath C:\\Users\\Siebe\\OneDrive - AP Hogeschool Antwerpen\\VR Experience\\EscapeOfDeath -useHub -hubIPC -cloudEnvironment production","communication_protocol_version":"1.5.0","com.unity.ml-agents_version":"3.0.0","scene_name":"SampleScene","end_time_seconds":"1747142076"}}